,A,B,C,D
2000-01-01,0.637610339224,1.94376206711,0.395662654471,-0.466420939105
2000-01-02,-0.674051999588,-0.795977367775,2.41176074885,0.669695458009
2000-01-03,-2.07229687484,-2.27793640399,0.237990490725,-0.346231491402
2000-01-04,-1.22082338627,-0.559277347686,-0.626523480351,-1.67421157791
2000-01-05,-0.572150681436,0.950748556004,0.17346145966,-1.29532006653
2000-01-06,-0.445930031607,-2.33324634667,-0.247962333048,1.2894615309
2000-01-07,0.258842310382,1.06536582476,-2.00141666537,0.51653223101
2000-01-08,-1.2413827586,-0.241161592606,0.269515025535,0.393043803203
2000-01-09,1.53568615176,1.16155524419,-0.358030646895,1.27405632657
2000-01-10,2.02913451748,-0.948121605172,-0.577211912244,0.669090258359
2000-01-11,-0.706001535347,-0.924431294643,-1.51148315274,1.3076148408
2000-01-12,-0.184913091296,-0.316127812092,-0.189652170797,-0.213364307199
2000-01-13,0.105006707206,0.439308840515,-0.335344433998,-1.12091626911
2000-01-14,0.865683800095,-2.15836626158,-0.33742847959,-0.114765307734
2000-01-15,-0.0571359871444,0.90475489432,1.78954175188,0.539472637793
2000-01-16,0.367889949232,-1.21829506717,0.480071576209,0.895137546785
2000-01-17,-0.461099863838,-1.31299101866,-1.32232759679,-0.462882781594
2000-01-18,2.35678380495,-0.389635765089,-0.965454290537,0.588619952672
2000-01-19,0.0536090130949,0.433345469129,-1.23043056849,0.742450027994
2000-01-20,-0.332212627418,-0.434543559206,-0.980115380414,0.79531517086
2000-01-21,0.0591222477269,-0.0822616083408,-1.12018409989,-1.49069381951
2000-01-22,1.41550603469,1.14601696827,1.71081346906,-0.547662048614
2000-01-23,1.00015752464,-0.295054911118,-0.88072031221,0.548892181155
2000-01-24,0.687223951797,0.925167258646,-1.49709566677,0.281236879128
2000-01-25,-0.263225565194,0.939215996983,-0.127938777989,-0.214919866826
2000-01-26,-0.682288732811,-0.67541576266,-0.346021194963,-1.93513514076
2000-01-27,0.430625269439,-1.73222728855,-0.434109408476,0.682272871142
2000-01-28,-0.870459747581,0.109324973379,0.565713321914,0.147487008647
2000-01-29,-1.28096171579,-1.1222213131,-0.224782210994,1.17782208105
2000-01-30,-0.683198700464,0.731192360335,0.541652820049,0.944991284138
2000-01-31,-0.86154320111,0.822378994532,1.71087710685,0.234435328204
2000-02-01,-2.34025504902,-0.152665088799,1.02803027627,0.275940847596
2000-02-02,1.36998071281,-1.30955276149,0.459682590041,-0.812529287546
2000-02-03,-0.875730424555,-0.425913544077,-0.280223189952,-1.31918005347
2000-02-04,-0.919939365164,0.666702246101,0.175426528918,-0.515705157782
2000-02-05,0.807557868268,0.44624934298,0.0518036558167,0.705579744584
2000-02-06,-0.644618380718,1.13933623196,-0.0279499437187,-0.390488924495
2000-02-07,0.0803753840119,0.00946378365169,0.263851688248,1.80528309276
2000-02-08,0.684826240243,-0.747746673605,-0.902380104018,0.56213796662
2000-02-09,-0.772386667628,1.70481955278,-0.184429730198,2.30938072721
2000-02-10,1.09062373877,0.37773898305,0.345117003591,-0.0671734857692
2000-02-11,-0.351711575288,-0.625009990903,-1.48717311925,-0.14946258107
2000-02-12,-0.76683826339,-0.511740723934,0.106652916587,-0.934079671588
2000-02-13,1.1878998125,-0.0875542031057,1.81993474769,-2.4884966451
2000-02-14,0.449061932935,0.376420600934,1.24703386728,0.035392065552
2000-02-15,-0.921165737838,0.922126172117,-1.32773282492,0.48683043691
2000-02-16,0.807531071057,-1.58575326819,-0.0288118433719,-1.5042877286
2000-02-17,-0.828417567168,-1.03337793849,0.744322670757,-0.758783668122
2000-02-18,0.101557707665,-0.968944369826,0.367972052981,2.13485889641
2000-02-19,0.796053592364,0.709165030596,-0.0752141887936,0.220647118454
2000-02-20,-0.458132363813,0.738898404392,1.18052877218,0.108778788339
2000-02-21,0.597930037849,-1.2610356421,1.09474496495,0.209987530188
2000-02-22,-1.19560812433,0.0838333008331,0.347442674983,-1.12862905548
2000-02-23,-0.763972302729,0.238855298851,1.17542804322,1.3227867002
2000-02-24,0.875186798313,1.47113360677,0.873812765289,0.787031401189
2000-02-25,-0.859557668849,-1.41618612025,-0.181550130356,0.254855981121
2000-02-26,0.287388823454,-1.01961910913,-0.194977126641,0.385060942217
2000-02-27,0.483592830611,0.0982136021978,-0.472502038803,0.71675445845
2000-02-28,0.684919551087,-0.130367373385,-0.415149516909,-0.0612372319221
2000-02-29,-0.0634957749573,-0.863177751835,0.915801841789,0.895154490763
2000-03-01,2.09548398666,-0.601374449465,0.547393955014,0.0595495820295
2000-03-02,-0.481592510152,-0.607921999234,0.578450283993,0.385422915799
2000-03-03,0.560048664757,-0.257441639613,-0.654861069484,0.023164938073
2000-03-04,-0.132053865076,0.517962764699,0.0557807456846,1.77581119042
2000-03-05,1.52416442202,1.38088638698,-1.97047494223,0.155910756491
2000-03-06,-1.77551778172,0.57393928842,-0.137587966506,-0.924738657227
2000-03-07,-0.252998987847,0.61908057913,-0.89154167579,1.42769860089
2000-03-08,-0.0280582597967,-0.491952304398,1.21858485361,-0.913234397306
2000-03-09,-1.64436066358,1.06536791474,0.472977035671,0.433666742082
2000-03-10,-0.92750314384,0.93592412428,-1.20076099614,1.09848547848
2000-03-11,0.151738975516,0.93826775914,1.05131187572,1.02144104007
2000-03-12,1.36650928263,1.47406971522,1.15190235473,-0.0612540089278
2000-03-13,0.224327797977,-0.495827565593,-0.0780386960602,-0.0136354032054
2000-03-14,-1.48256043373,0.428659761397,-1.82951478157,0.444359461958
2000-03-15,0.494033399338,0.114444482723,0.417994272216,0.517369219335
2000-03-16,-1.56938455992,-1.09697018409,-1.39457270782,-0.212700957835
2000-03-17,-0.616840118263,-0.732947797982,0.0437146539453,-0.180076584231
2000-03-18,-0.584840420588,-1.1558252229,0.358823379774,-0.0656231951717
2000-03-19,0.512516190565,-1.19033378698,-0.38854297107,-0.26696794412
2000-03-20,-0.00351238254199,-1.64411120174,0.169862427876,-0.591488962348
2000-03-21,1.87159402508,0.491257141687,-0.907157030844,0.636488863041
2000-03-22,-0.801077480239,0.119691380565,-0.360788204283,1.68694559819
2000-03-23,1.07313204597,-1.52030776671,0.0107532298482,1.61574892416
2000-03-24,0.163277746244,1.0956110082,0.0733345358828,-0.376913682306
2000-03-25,-1.02794098765,1.73542478393,-0.887072576237,0.291679956479
2000-03-26,-0.9625738119,-0.364721995218,0.35808285464,2.40926406878
2000-03-27,0.0251341219176,1.17133779703,-0.431373874593,1.33664565738
2000-03-28,0.169965924324,-0.220787338526,-0.873698541734,0.026859157479
2000-03-29,-0.741863639455,0.163194374526,-1.63837315203,-1.28961479343
2000-03-30,-0.357479541168,-0.480920096761,-0.693130192065,0.582787481216
2000-03-31,2.65125534388,-0.818128807962,2.62985016048,-0.398514446799
2000-04-01,1.38108414563,-0.749880855113,0.194299707187,-0.545927092757
2000-04-02,0.0232765221386,0.932521044966,0.746133209243,-0.906523970469
2000-04-03,-0.709659517304,-0.200538727369,-1.11781083819,1.66200964782
2000-04-04,-0.669589606081,1.14507289733,-1.5628057276,0.971325818282
2000-04-05,-0.202913674429,1.73337760017,1.66467745089,-0.47010509866
2000-04-06,-0.463546453022,0.00932551669592,-1.57829468364,-1.40467033807
2000-04-07,1.48074706672,0.37610703008,0.341030105669,-0.568911848417
2000-04-08,0.0716023992294,-0.991710455566,2.07413142742,0.0544741753027
2000-04-09,1.14192568781,0.17547162261,0.20373755322,0.618243670867
2000-04-10,0.272930866261,1.35243714912,1.41247518958,0.804106933583
2000-04-11,0.545350111559,-0.171728134291,0.223733505773,-0.83630318472
2000-04-12,-1.07219486424,-1.94175780205,0.000566083450039,-0.306348504841
2000-04-13,-0.0249184091212,0.530212355652,1.33586447893,-0.594408372562
2000-04-14,0.563682670557,0.482356992695,0.482491052025,1.03005082674
2000-04-15,0.0971292114395,-0.67002981082,1.11027017899,0.845963451281
2000-04-16,-1.57023460503,-0.0019720850441,-1.0727217666,0.634302959181
2000-04-17,-0.274508194127,1.03025183285,-0.384345058679,-0.687712909111
2000-04-18,1.67382192598,-0.22060295599,-0.659544984661,-0.279897294365
2000-04-19,0.417083568917,0.0521006369806,-0.875774399465,0.369422088205
2000-04-20,-1.90211737945,-0.85807867564,-0.831690739235,-0.653142444894
2000-04-21,0.460692025184,-0.484712830316,0.163725733009,-1.13110286411
2000-04-22,-0.713875755706,-0.578170380783,1.1640164308,-0.236851418272
2000-04-23,0.863190534008,0.912367764106,0.368225246431,1.33703100503
2000-04-24,2.40011267027,-2.43832895726,1.62897390129,1.11355044476
2000-04-25,-0.591486454949,-1.893400088,1.0301540482,0.901481603597
2000-04-26,-0.0722861609232,-0.441564537974,-2.92238536447,1.22955099513
2000-04-27,1.06082250858,0.975928279429,0.497806825128,-0.987178675842
2000-04-28,2.79171271576,0.499544243211,0.303944253746,0.303041546011
2000-04-29,-1.5640781188,0.767193126648,1.35683523681,1.61658432354
2000-04-30,-0.713087267838,-0.210000745334,-0.333941653017,-1.89774172075
2000-05-01,0.471769756852,1.77674208688,-0.838436292146,-0.148724037612
2000-05-02,1.1180767356,0.14976367571,-0.742813928655,0.0804664351228
2000-05-03,2.63466714463,-0.325677913755,-0.738720472565,1.03558009967
2000-05-04,0.122276237102,-0.848089215854,-1.23429674073,-1.00403939002
2000-05-05,-0.754765020234,-0.575423477471,0.842289971891,0.235859595624
2000-05-06,-0.634507324353,1.80786006791,-0.5916084846,0.33167723411
2000-05-07,0.267079997702,-1.10701383629,-0.214524900104,1.44143739657
2000-05-08,0.0895424627856,-0.747380062742,0.996720287822,-0.088497084184
2000-05-09,-0.531521237545,0.835562632335,-0.409367058994,-0.446482146017
2000-05-10,-1.21851503917,-2.61885687152,-0.822803520525,-1.12288447771
2000-05-11,-0.425396729108,1.03039718757,-0.943344930347,0.950616066951
2000-05-12,0.4155185602,-0.255873304626,-0.852527352084,-1.66942329186
2000-05-13,0.785781222485,1.2989000946,-1.59994268156,-1.28975018349
2000-05-14,-0.605037893245,-0.148879658713,-0.929092339249,-0.77489523162
2000-05-15,-0.793306211891,0.80071724319,0.129544949988,-0.00160342699609
2000-05-16,-0.832190011377,-0.956334841069,-0.263421180591,-1.48535065158
2000-05-17,-0.579414010793,-1.33000593381,1.32697308653,-1.06554633298
2000-05-18,2.43991149203,-0.287474786601,-0.423212497928,0.546033706688
2000-05-19,-0.439458005859,-1.21216273003,1.3810584489,-0.292342001732
2000-05-20,0.156532672938,0.753124031674,1.00383910385,-0.0351953822914
2000-05-21,0.310480615537,-0.225579055829,0.390352595431,-0.130019765686
2000-05-22,0.337379117349,1.03138286105,-1.19763339098,-0.863922640869
2000-05-23,0.675536212876,1.87699535249,1.53257883551,1.04624857083
2000-05-24,0.196549186301,2.21158690516,1.04661548694,-1.14647289679
2000-05-25,-0.0494215651682,-1.01602386651,-1.31842673494,0.269293248385
2000-05-26,0.411130541278,-0.196045367502,-0.241129266695,-0.333899465705
2000-05-27,-0.790466714171,-0.149005669668,-0.502752836704,-0.749382080551
2000-05-28,-0.511257536722,0.519166806344,0.997912658042,1.10311500015
2000-05-29,0.862892277437,-0.58058099711,1.02980138808,0.043778131551
2000-05-30,-0.726738815943,-0.766351505987,-0.223988249447,0.540853370272
2000-05-31,1.63703733328,1.11698670757,-0.380611103575,-0.802857606238
2000-06-01,1.15501518173,0.624838224176,0.392748418916,0.12920759737
2000-06-02,0.811245916704,-1.20482066916,-0.192377850219,-1.01878589838
2000-06-03,-0.586974238759,0.673218918687,-0.98381002686,2.36020671561
2000-06-04,0.797675879298,-0.74003581566,-0.525037179195,0.469668655395
2000-06-05,-1.10374333988,0.314943522903,-1.46280909551,0.751823974734
2000-06-06,0.815477183444,-0.651277672351,-0.991455516332,-0.0534018279256
2000-06-07,-0.820311401736,1.62726221396,-0.411648709827,-1.00315519122
2000-06-08,2.30201440862,0.584475082792,-0.977222788103,1.76975410394
2000-06-09,0.552830167372,-0.743977446849,-0.69186466955,0.132749487312
2000-06-10,0.543938149377,1.00634490132,-0.064987215896,-0.298732527458
2000-06-11,-0.137281638209,0.497432923913,-0.158953355193,-0.133269317411
2000-06-12,0.00299899426369,1.27754795025,0.712484944174,0.055923276347
2000-06-13,1.3936823413,0.318604100685,-1.75459813157,0.835829915277
2000-06-14,1.45069356223,1.209487849,0.637225992448,0.0173039011664
2000-06-15,-1.15311303664,0.566126434135,0.673889030955,0.560409936259
2000-06-16,1.5094409589,-0.0836028659145,-1.10713238567,0.596184959413
2000-06-17,1.89410391773,0.445844733933,0.314928876564,0.732532862351
2000-06-18,-0.512904667725,-0.867332435153,-0.540534033107,0.604543595645
2000-06-19,1.50498711426,-0.0459320947053,-0.354874678479,-1.2861502554
2000-06-20,-0.271006336118,-1.88100794778,0.471657858894,0.571186335847
2000-06-21,-0.378332049417,0.396190834174,-0.944775236082,-0.13021495636
2000-06-22,0.485076937475,0.16798144917,-0.392229335745,1.64880860659
2000-06-23,-0.203130272995,-0.403239425168,-0.977019061917,0.804003350212
2000-06-24,0.318325285811,-1.16455468368,-1.04120381569,-1.53625181692
2000-06-25,-1.47664695038,-1.09328924312,0.0620926115482,-0.220589589957
2000-06-26,0.801722199087,-0.345035516996,-0.849008713862,-0.0426716984864
2000-06-27,-0.581107616948,-1.60405492122,1.12595308051,0.656514067173
2000-06-28,0.915820858002,0.264219135919,-0.588922504949,0.530453389579
2000-06-29,-0.141518847581,1.34580350393,1.3395530851,-0.760899129374
2000-06-30,-1.2564989602,0.393874993836,-0.782628736386,-0.782570046977
2000-07-01,0.246982894686,-0.597123757371,-0.195076102688,-0.293360130247
2000-07-02,-1.39216841343,2.59183370099,0.630647633116,-0.500239384389
2000-07-03,-2.16048228936,1.0675998512,-0.475629701101,-1.89219842208
2000-07-04,1.17587284055,-0.703327942403,0.533575181718,0.165802548683
2000-07-05,0.063760455557,0.099598389596,-0.890763562689,0.664912231082
2000-07-06,0.894935911234,0.614473055774,-0.43029785089,0.862826884847
2000-07-07,-1.21517128851,0.14467151058,-1.79441847298,0.234813760693
2000-07-08,0.00409053487482,-1.29679919211,-0.552565954805,-0.414838394196
2000-07-09,-0.0443413881384,-1.83729138463,-1.07272927195,0.883011546512
2000-07-10,0.909628329055,-1.9996799883,-1.14551506454,-1.30828073722
2000-07-11,0.460323604381,2.69612100716,0.394751754886,1.28889681815
2000-07-12,0.101263598356,0.272505984018,0.826211433925,-0.725390769754
2000-07-13,-0.488230194682,-0.554548546624,0.215789306077,-0.962203866303
2000-07-14,0.521644027524,1.58704720522,0.40511818634,-2.25537192024
2000-07-15,1.57675245833,-2.51573878487,0.586666477167,0.361626206472
2000-07-16,3.20577240951,-1.15686082604,-1.80773275507,-0.482782903718
2000-07-17,0.321061316101,1.18821887384,-0.234751476053,-1.93020469387
2000-07-18,-0.229572496356,0.5595371129,1.01055372739,-0.584488681102
2000-07-19,0.8960966418,-1.32358064473,0.446603194703,0.30606817592
2000-07-20,-2.01660760633,-0.388286649813,0.432062570031,0.320007453651
2000-07-21,-2.55663481771,-0.70283165161,-1.06624074453,0.630992240824
2000-07-22,1.12814042226,-0.133960517478,0.0399694860069,-0.361884884579
2000-07-23,0.919826677989,-1.72122706644,-1.14850000196,1.78863408956
2000-07-24,0.297517772032,-0.514057259014,-0.899484673671,-1.42907392175
2000-07-25,-0.0222581380124,0.589479467611,0.536990221921,0.588117297405
2000-07-26,0.885511613024,0.722057770324,-0.382607940648,-0.669007182726
2000-07-27,1.33145876272,-0.808099507923,-1.56354513053,0.877440387427
2000-07-28,-1.76705885071,0.267039738613,-1.20422496388,0.00792139160242
2000-07-29,-0.601482127435,-1.10500832695,1.32985373195,0.910092089657
2000-07-30,0.538673690847,0.523260654538,1.10334490765,-0.990778567152
2000-07-31,1.70919432824,0.34802213466,0.49961913962,-0.199488121549
2000-08-01,0.695651938697,-2.43773772406,1.09472450498,-1.20513599962
2000-08-02,-1.64983396942,-1.00147095149,0.199631325488,-0.212115381625
2000-08-03,2.43218086185,-0.202505855827,0.173095970193,-1.09424900242
2000-08-04,-0.303896005236,-0.674835578635,2.10567506682,-0.863997469363
2000-08-05,0.632044025797,0.636225066462,-1.61420048552,0.441327722257
2000-08-06,-0.0612970824426,0.916914877917,0.351131723128,0.575902590819
2000-08-07,-0.475660971898,-0.990663185436,-1.03598506359,0.254568568279
2000-08-08,-0.973010136379,0.199045546313,0.325609384509,0.630276756938
2000-08-09,-0.520549183525,0.337936730755,-0.248801878146,-0.868208501471
2000-08-10,2.54475100534,2.05567005839,-1.39507251812,1.58976351059
2000-08-11,-0.27794337495,0.223443121334,0.0140469116709,-0.30969361958
2000-08-12,1.22235088282,-0.819278746265,-0.345542860468,0.235749493508
2000-08-13,0.0262225476448,-2.26568092431,-1.45027329522,-0.300496162205
2000-08-14,-0.302110379545,2.41496588828,-1.40878639372,-2.44556561577
2000-08-15,0.377298153197,1.47541242334,0.220503832345,1.54243733018
2000-08-16,0.952705001494,-2.55651059634,1.22893243315,-0.804594592003
2000-08-17,-0.86952287855,-0.318028428272,-1.02325513708,0.495108555286
2000-08-18,0.353896068241,-1.70357025307,-0.0273126742192,-1.5066675169
2000-08-19,-0.637282275108,0.888079706022,-1.1625176582,0.792325935721
2000-08-20,1.63612763152,-1.08061054832,0.705421323949,2.26512351959
2000-08-21,-1.43239643454,-0.601724150341,0.82844311105,-0.994679446061
2000-08-22,0.0415834137154,-0.450493017684,-1.79098597576,0.922450968121
2000-08-23,-0.368256757563,-1.51603436242,-0.0351494606278,-0.881768903061
2000-08-24,0.0335826896907,0.204303980858,-1.03438565315,-1.90599962839
2000-08-25,-2.98454981069,-0.647297813065,-0.409719723609,1.32512210852
2000-08-26,0.151156159428,0.257107280779,-2.44452644483,1.32126157873
2000-08-27,-0.531989356916,-1.99111976761,2.03735347975,-0.464411359933
2000-08-28,-1.08162713886,-2.33704445179,-1.09774792933,-1.28519825524
2000-08-29,-0.583325765608,-0.72599814083,-0.633791531174,-1.0478884312
2000-08-30,0.276764744982,-0.564045064563,0.0129212474559,-1.1953120571
2000-08-31,0.154829216376,-1.30279347753,0.845268596409,-1.08030769893
2000-09-01,-0.782355018282,0.834158671172,0.398586100305,2.93501488804
2000-09-02,-0.0971802578014,-0.19864905741,-0.367753794851,0.195505737666
2000-09-03,2.34988006115,-1.02367814823,0.715215360754,0.22858882824
2000-09-04,0.596680347301,-0.846632355404,-0.801020224933,0.692744924054
2000-09-05,-0.926626580659,-0.994439890777,-0.334585313327,0.409311076126
2000-09-06,1.55109242892,-0.642187101104,0.369092185602,1.16399932292
2000-09-07,0.262872762342,-1.64730001007,1.73361375372,-0.782087694074
2000-09-08,0.191408597095,0.754234300797,0.182959347708,0.252425214364
2000-09-09,1.16696252565,0.788400199304,0.168589483701,-0.255671106375
2000-09-10,0.0858192557878,1.06482066283,0.820044178538,-0.195630745696
2000-09-11,1.9120912975,-0.498408951521,0.643989773607,-1.13093243376
2000-09-12,-2.24460992114,0.468831316031,-0.549150678414,-1.2436702103
2000-09-13,1.20286404439,-1.70126538465,0.31344809456,-1.23435487888
2000-09-14,0.434636013057,0.181728935042,-1.1458096788,-0.511497460987
2000-09-15,-0.912047622784,0.641047450902,-0.781592159225,-1.98990218544
2000-09-16,0.290433743463,-0.433425220418,0.728691714022,0.747566089733
2000-09-17,-0.082421875544,-1.89272243371,-1.77838389883,-0.336972007608
2000-09-18,0.208801795417,2.89507250926,-0.484266088575,-0.0311721447333
2000-09-19,1.58526426349,0.198553074846,0.599365969802,-0.486034206845
2000-09-20,-0.936290397892,0.566695060351,0.360025154426,0.883904679912
2000-09-21,-1.75976305084,0.264419044471,-0.811557421051,-0.25519648443
2000-09-22,0.377997829486,0.491534758654,0.417240483873,-0.311324376659
2000-09-23,0.13842293296,-1.15991910611,-0.0395904069822,-0.743045139221
2000-09-24,-0.364759184138,1.07315656629,1.07584408287,-0.947551855589
2000-09-25,0.113986122575,0.678444525788,-1.30158677166,0.639787027199
2000-09-26,1.04189577696,-0.112657226387,-0.573107669734,0.273337271261
2000-09-27,-0.173222835593,-0.719296895157,0.732893193726,0.459656485354
2000-09-28,1.15157372372,-0.0246068481765,-0.639793234056,0.977273603657
2000-09-29,-0.693157797287,-0.0344116869909,-0.737406548351,-0.642490843043
2000-09-30,-0.642540330907,-0.831116873755,-0.0685643891898,0.465781631329
2000-10-01,0.411746777794,0.918904535674,1.47480585215,1.21909317191
2000-10-02,0.933295690585,0.0379649763038,2.22137672399,2.29142757465
2000-10-03,0.582765324255,0.379656301159,-0.918022886463,-0.529371610294
2000-10-04,-2.04662449555,-0.491391244043,0.399115641392,0.0589178382012
2000-10-05,1.62157808504,-2.10829312134,-0.791192104693,0.565470477504
2000-10-06,-0.523682259844,-0.504278451774,-0.343254535901,-0.105684908162
2000-10-07,2.23991975069,-1.15852184351,-0.633131712293,1.00085682476
2000-10-08,0.123081507501,-0.521629474164,-0.213835408829,0.859882078745
2000-10-09,-0.368407341721,-0.907288563387,-1.07860613367,-0.747859633544
2000-10-10,0.971631682879,0.748840033807,0.986381216107,0.0551832623307
2000-10-11,-1.91197096541,0.319042722167,-0.332951381748,0.552544378626
2000-10-12,-1.8083883455,-0.2503991301,0.4629171932,1.56587522582
2000-10-13,-0.257197428125,0.488720952937,-0.984078179909,1.4348149408
2000-10-14,-0.557156907974,-0.586772632598,0.901019103781,-0.182553008834
2000-10-15,-0.336596074732,0.368796900193,1.43552143496,-0.145136004796
2000-10-16,1.04991899886,0.833683505225,0.982062673924,-0.299494976601
2000-10-17,-1.66904685112,-0.205783086854,-0.327877423386,1.71512273846
2000-10-18,-0.989356484827,-0.721113012368,1.12371019019,-1.23720379798
2000-10-19,0.302910799072,-0.236294785025,0.605775463551,1.87981893186
2000-10-20,-0.484170766537,3.8038278965,-1.4297819585,-0.731975131255
2000-10-21,-1.44290541688,1.55512492696,-1.27973910537,0.419561551532
2000-10-22,0.649302142386,-0.636618823002,-0.754550115105,0.173187614563
2000-10-23,1.09160308395,0.290792215607,0.260643128934,1.02146974555
2000-10-24,-0.0840275973034,1.22447048846,-0.176382852693,-0.367377222783
2000-10-25,-0.612304787882,0.418071099348,0.444081043807,-0.0501133851144
2000-10-26,3.18199207429,0.189896006095,1.71623333528,0.767044164971
2000-10-27,-1.28038512813,-0.0527966599103,0.660816077299,0.801853689851
2000-10-28,0.457145914468,-1.83399279629,-0.841829118206,-0.274267915456
2000-10-29,0.312190509086,-1.99010724607,-0.351206799821,-1.97681313298
2000-10-30,1.29826297078,-0.448353608282,1.17368934658,0.180811712013
2000-10-31,0.985006598391,0.257695707985,0.282988452573,0.50786347666
2000-11-01,-0.122927327634,0.222886237344,-0.806261506308,-0.272606781379
2000-11-02,-1.3598627744,0.680349771758,-1.20832252382,-0.44311492652
2000-11-03,-0.49788261065,0.186386887121,0.664660754277,0.591974193247
2000-11-04,-1.1441932857,0.411028020866,-1.16677662887,-0.249326520845
2000-11-05,1.42877297903,0.368422629101,0.997393006912,0.594081105488
2000-11-06,-0.0288372299196,0.219684731009,1.64872569159,-0.244653198304
2000-11-07,1.3043459731,-0.68517588188,0.238805874963,-0.478473737908
2000-11-08,-1.03730111191,-0.728654906345,-0.832865038563,1.12464769038
2000-11-09,1.11796398728,0.166513380404,-0.625085992655,0.701612614424
2000-11-10,2.06066456154,1.0742244393,1.2799932106,0.579636900857
2000-11-11,1.76820884785,-0.84901526078,-0.997482952552,1.48179935789
2000-11-12,0.0863944118031,-1.30691494093,0.444221633948,0.416183020607
2000-11-13,-0.830070146818,0.374282787017,-1.77170300701,-0.906415718914
2000-11-14,1.42142774943,-1.15021366912,-1.24159900856,0.645560530956
2000-11-15,-0.738208424168,0.54887069474,0.620796414842,-0.137971532525
2000-11-16,-1.92335662529,-0.0546699369987,-1.75709020319,0.215688788725
2000-11-17,-0.193220939623,-0.455160936615,-0.56461611486,2.33542595422
2000-11-18,-0.151711212688,0.484985748011,0.060299741517,0.998087422486
2000-11-19,1.01642084892,0.744970861016,-1.35934989785,-1.2205596197
2000-11-20,0.818203644282,-0.418557016854,0.737273981988,-0.3931249416
2000-11-21,-0.142940818181,-0.253068162373,1.76090926556,-0.990027536943
2000-11-22,-1.02855840136,1.10373210912,-1.43325911739,-1.79614949618
2000-11-23,0.66719381842,0.727038259325,-0.491691962699,0.406632974391
2000-11-24,-0.599523265955,-0.382772572556,1.36120593523,-0.731706783082
2000-11-25,-1.49355319885,1.39361864293,-1.90884837171,0.483906823151
2000-11-26,-2.85103781136,-0.342015381061,-0.167024116556,1.16938098608
2000-11-27,-1.15497624402,0.77789263562,0.00219231560137,0.635725475175
2000-11-28,0.412415654205,-0.112120178639,-1.49973421738,0.160391851346
2000-11-29,-0.320974786693,-0.420592321976,0.816315864059,1.46371092538
2000-11-30,-1.63172305949,0.679066954242,1.50231436997,1.70792491295
2000-12-01,-1.75680347284,1.69811581089,-0.755781461942,0.275493704762
2000-12-02,-0.634148413834,-0.0439352236536,1.39049550349,0.139977506453
2000-12-03,0.819176817223,-0.188661134897,-0.233201792321,-1.34056336679
2000-12-04,-0.504796840735,0.150496658565,0.417483575556,-0.522032094051
2000-12-05,-0.790534814195,-1.04808865682,0.246067355528,2.79738075098
2000-12-06,0.597834839415,1.24965397875,-0.342781198158,0.934108448152
2000-12-07,0.152280766641,-0.328725980461,0.0957773566676,1.44518789272
2000-12-08,-0.116637656646,0.173749473516,-1.24448765817,0.212702783676
2000-12-09,0.267858197176,-0.582004561958,-0.417513752307,-0.365188221794
2000-12-10,0.613264302121,-0.992853796867,0.220729869136,0.80316889737
2000-12-11,0.172938096392,-0.165656698321,-0.290191931714,-1.02565873622
2000-12-12,-1.27416450065,0.26664790443,-1.18128582683,0.0122436316874
2000-12-13,0.105531490624,0.482125455112,0.493396255838,1.38342421975
2000-12-14,0.809375353926,-0.844486487273,0.714362728145,0.0923565082337
2000-12-15,-2.45147154091,1.76114572083,0.840937480018,-0.761795393002
2000-12-16,0.295950503091,-1.20503775919,-0.17407855467,1.88862881856
2000-12-17,0.819727064272,2.41132051065,-1.15499041552,-0.325033495143
2000-12-18,2.08463373832,-0.640030547219,-0.857696883509,0.714901681348
2000-12-19,0.11361420581,-0.208182331297,0.162810760798,-0.348237987517
2000-12-20,-0.252024696488,-0.684324767194,0.291444382612,-0.70632990375
2000-12-21,-0.1510930909,2.15745819836,0.912251117432,-1.03582551563
2000-12-22,1.07024894067,-0.0858859343744,-1.48135899246,0.3353368721
2000-12-23,-0.312376946696,1.19262602634,1.37333314041,-0.992922946629
2000-12-24,0.846743004495,-0.111647940323,-2.54107629052,0.544648419587
2000-12-25,1.23422452423,-2.59936461662,-2.29706105136,1.31465943137
2000-12-26,-0.147790497132,-1.06857263567,0.469111369836,0.185236763564
2000-12-27,-1.26722618746,-1.02351071665,-0.442471806846,0.84753446124
2000-12-28,1.20707513261,0.43811878795,0.227645591775,1.93960269596
2000-12-29,-0.723619946506,1.68649420491,0.293615831743,-0.173765803644
2000-12-30,-1.31867158044,0.811280588439,0.297382765594,-0.747588488949
2000-12-31,0.346101645247,0.993659989859,-1.41591605965,0.0624552200849
2001-01-01,-0.00909657215468,0.568192954035,1.05326094474,-0.742200422416
2001-01-02,0.4056248802,-0.583329293345,-0.540906214879,-0.916419257505
2001-01-03,0.316003365891,-0.722384111625,-0.882820298741,0.535774574449
2001-01-04,0.650502497415,0.406763441896,0.180031167329,-0.59982693617
2001-01-05,0.959899566067,-0.766711973268,-0.468758772962,0.083574882065
2001-01-06,-0.132520833875,-0.364128849205,-1.10626822179,0.415839536554
2001-01-07,-0.942060755644,-2.05202650288,-1.45202062294,1.76558002922
2001-01-08,-0.706031149147,1.53104296016,0.166534898379,0.90254699806
2001-01-09,-0.470197960733,0.109377312435,0.697399325867,-0.932231762964
2001-01-10,-1.00512932833,-1.71757948421,0.309956741481,-1.16282793651
2001-01-11,-1.03686311445,0.433230815736,-0.531103395606,0.416740258829
2001-01-12,1.29199880136,2.07174019181,0.0738800233948,1.52784048877
2001-01-13,-1.91343461133,1.12375625992,-0.0852930861741,-0.610276775031
2001-01-14,1.46633656751,-0.801152103317,-1.14352822732,0.811785601125
2001-01-15,-1.29460249319,0.803288477009,3.54889215497,1.23514077785
2001-01-16,0.486525567524,0.480776028492,0.587162397241,-0.384560400931
2001-01-17,-1.13274826664,0.26696336564,0.543807292131,0.862725899303
2001-01-18,0.749089451936,-2.6885194108,-0.729730549633,-0.68892553054
2001-01-19,-0.077934253857,-1.32470500574,-0.187618603461,-2.38032631867
2001-01-20,-0.335992649793,-1.07584190184,0.0796862531478,0.294261320545
2001-01-21,-0.372384536182,2.33427129668,0.0682800948443,0.2741344522
2001-01-22,0.0546631694884,1.4488668715,-0.876070157061,0.803625366186
2001-01-23,0.487585539919,0.507005911509,-0.321941991938,-1.86243664918
2001-01-24,-1.2811470756,-0.359699907302,-0.0657163976828,-0.0339702176999
2001-01-25,0.197902904599,-0.111917336356,1.15055025059,1.83374929511
2001-01-26,-0.159686895449,-1.1371499417,0.296390500611,0.721691157897
2001-01-27,-0.0948618690184,-1.4774106592,-0.952672400265,-0.525787738871
2001-01-28,1.22054974932,0.354442828249,-1.74585612486,-1.29419182642
2001-01-29,-0.128159844,0.0951925659885,0.399712167134,-0.960328790874
2001-01-30,2.27777857562,-0.923371923558,-1.97306348153,1.86202381706
2001-01-31,0.418062114961,-1.05160359406,1.06183170193,0.893796721232
2001-02-01,1.31831457452,-1.72238111519,-0.201141090117,-1.37069524913
2001-02-02,1.2288860149,2.23691204276,0.614051810914,0.838909622441
2001-02-03,0.172499732356,-0.0786301165665,0.494150221161,-1.21084817054
2001-02-04,2.34379018201,0.536463697602,-1.16454200796,-0.0751147734838
2001-02-05,-1.44325944016,0.99607807085,1.78038087326,-0.710896971205
2001-02-06,0.0296502734371,0.941821672293,0.48907520778,-1.82416472612
2001-02-07,1.12569667754,0.712926179752,-1.68488513514,-1.11438138671
2001-02-08,1.216458959,-1.15983382101,0.985781244856,-1.16890679221
2001-02-09,0.500781772355,-0.486079022766,0.808935129875,-0.446742350703
2001-02-10,0.109451403077,1.24215642149,-0.196199618827,0.213444415439
2001-02-11,-0.419528270373,0.283105257712,1.19691124996,-1.21551511486
2001-02-12,-0.658110208047,0.262957940187,-1.09723495581,0.714128371003
2001-02-13,0.944795465745,-0.801222100203,0.209617457918,-0.178246410517
2001-02-14,0.362100018059,0.329607745005,0.0701039783613,0.937271153813
2001-02-15,1.88418182285,0.345419888532,0.667218531796,-1.08028607756
2001-02-16,-2.13720615284,0.658696861279,1.95895299272,-0.716023481438
2001-02-17,1.50357108577,1.45401623061,-0.712321016973,0.370128105101
2001-02-18,0.459823994743,-0.961788111924,0.804397140565,-0.650429276025
2001-02-19,0.292402350346,1.63759170412,0.68411190627,-1.55768457414
2001-02-20,0.693568885913,0.406187971719,0.150828289032,0.144935105904
2001-02-21,0.371648095773,0.652921220356,-0.696883187032,-0.454878113459
2001-02-22,-0.800337507089,-0.476604043354,0.48991876498,0.111704721429
2001-02-23,0.194035382806,0.60567938674,-0.425386495097,-0.497030200967
2001-02-24,-1.97000464614,0.269162347669,-0.6226672574,0.186599181518
2001-02-25,1.15577134466,0.255340979374,-1.53540701059,-0.139720960827
2001-02-26,1.41137778459,0.283474270015,-0.0204539325107,0.721590969833
2001-02-27,-0.123295215952,0.727332385249,-0.569049895373,0.47293152608
2001-02-28,0.55506655875,-0.101423179268,0.267117727163,-0.0689967871956
2001-03-01,-0.544457889599,-0.427832987107,-2.51705641637,-0.462458526622
2001-03-02,1.64367747812,0.276746054859,0.0924023888079,0.795883668603
2001-03-03,0.288901112583,0.697267711303,-0.295748000209,1.59783539072
2001-03-04,0.379854570419,-1.0719245557,0.0233958410444,-0.455976251865
2001-03-05,-1.43869973587,0.141175464585,-1.2679734515,-0.94745405849
2001-03-06,2.18313884283,0.00359571784888,0.306731848484,0.529472585577
2001-03-07,1.55684420956,0.589457892266,0.107111866104,-2.18493318291
2001-03-08,-0.559235834449,0.48355544931,0.791525902381,-1.02760392856
2001-03-09,-0.711693234704,-0.415734360486,-0.797511494568,0.778103768699
2001-03-10,-0.636101612818,-0.78613045341,-0.226646064411,-0.162104324648
2001-03-11,-0.129486002044,0.358627092052,0.0679159356648,0.169378397052
2001-03-12,0.248214895362,-1.4659753986,-0.424511158003,0.180264094264
2001-03-13,0.315437231194,0.103078288154,0.770772423544,1.84923598222
2001-03-14,-0.364743985777,0.437810389594,1.62448111862,0.555293697132
2001-03-15,0.6878498482,-1.05889088461,0.38952643149,1.0781542913
2001-03-16,1.00566605152,0.225880152242,0.25653544905,-0.169372259454
2001-03-17,-1.04394533447,1.17129728583,0.256823615619,0.726254777774
2001-03-18,-0.2895265724,0.452631954749,-0.0671772663855,-0.437624166706
2001-03-19,1.49998131712,-0.365070504966,-0.807285008967,-0.720855501287
2001-03-20,1.04816855748,1.34772064974,0.199965068213,0.368853947327
2001-03-21,1.71653305384,-0.878542442198,-0.341421165369,-0.613783082248
2001-03-22,-0.103431099964,0.149655977223,0.842169199962,-0.736758202385
2001-03-23,-0.458425035871,0.41126146607,-1.71165616233,0.620132850019
2001-03-24,-1.54700831829,0.941790743481,-1.20123583754,1.47522022527
2001-03-25,-1.59921417401,-0.545404815518,0.793937429454,1.51763889674
2001-03-26,-0.909025423433,0.600843179986,0.861915271331,1.61426918337
2001-03-27,0.627371652061,-1.32642678989,-0.251551132069,0.215432307631
2001-03-28,-0.867956321752,-1.19848806509,0.067957696212,-0.180429936222
2001-03-29,1.46234418804,-0.76457407959,-1.69749514433,2.07810164509
2001-03-30,0.247204396497,-1.32211180723,-0.375277055596,0.857329122478
2001-03-31,-0.931052449492,0.312720026453,-0.264375627673,-0.0577766338361
2001-04-01,0.811856777873,-1.21676016234,0.83370224809,-0.660327740424
2001-04-02,-0.500879905999,0.157942737249,-1.63861115192,-0.56520194013
2001-04-03,0.793069932685,-0.122156778389,-0.504213910507,-0.31607350648
2001-04-04,0.810011038412,-2.02029687949,-1.71441881665,0.0717389428263
2001-04-05,-0.0142865409429,-0.461903681189,0.341127275976,-0.178634574923
2001-04-06,-1.14660792403,-0.217526045444,-0.82036024051,-0.566379651183
2001-04-07,-2.17881490385,0.686970786299,-1.46686320077,-0.00278664510268
2001-04-08,-1.30663399174,-1.63585321654,0.792410081482,-1.21779695747
2001-04-09,-1.63898491172,-1.36281787925,-0.570478152417,1.95399000797
2001-04-10,0.822969471808,1.79194808827,0.563224523969,-0.761658787317
2001-04-11,-1.04199256152,0.0409052255934,-0.159021594462,0.355983235984
2001-04-12,-1.29990487036,2.78238603063,0.350446200074,-0.420896711178
2001-04-13,0.148180054358,0.0360048204831,0.601452373036,0.776095989305
2001-04-14,0.0849728792117,-0.928861080923,0.786011535279,0.230850649906
2001-04-15,-0.0969305086935,-0.0420180030783,-0.753863574208,0.64338042461
2001-04-16,-0.131977604595,1.48441892234,1.26438686059,0.405807491516
2001-04-17,0.446509597171,-2.82770054995,-0.48324933887,-0.092698685301
2001-04-18,-1.991589957,0.519117665791,-0.983175090729,-1.23214853915
2001-04-19,-0.41724993592,-2.03759031699,-1.08075740307,-1.30963555726
2001-04-20,0.06130864612,-0.0756387171084,0.572329371991,1.61037045333
2001-04-21,-1.68485895246,0.716581232092,-0.991759830343,-1.43999027583
2001-04-22,0.719095833569,0.862810116329,-1.10404036201,0.430818339839
2001-04-23,-0.724178800474,1.04900060505,-1.14879765378,0.370164972035
2001-04-24,-0.0657248119098,0.460459374568,2.4087075522,-0.699434207217
2001-04-25,0.557824336685,0.312375606831,-0.0714766411537,0.456246301072
2001-04-26,1.25858578158,0.80444600361,-0.774187654397,-0.230326445081
2001-04-27,0.812790496143,-0.578933903691,0.94573804654,0.536361963969
2001-04-28,-0.673537106326,-0.354188051479,0.78153241024,-0.183119228968
2001-04-29,-0.946673871077,2.11633419542,0.213448603954,0.086790144731
2001-04-30,0.25952945653,-0.269753020549,1.0148000048,-1.23786975244
2001-05-01,1.07547991186,0.179329034124,-0.79942482465,1.86866069887
2001-05-02,-0.0565440033998,-0.0376373494585,-0.517075486793,0.490016675245
2001-05-03,-0.0345961627104,-1.30127179855,0.104589065392,0.323159109527
2001-05-04,-1.26224536819,0.941343366176,-1.71221549043,-0.00587611343714
2001-05-05,-1.7105279694,-0.61051807167,0.138425654512,1.03694205357
2001-05-06,-0.0510254352402,0.792741381869,1.99315178287,0.903328068042
2001-05-07,1.03951753329,1.739976671,0.149173097328,0.49569296801
2001-05-08,0.0816225914864,-1.53368852606,0.788886727149,1.85925869943
2001-05-09,-0.380600922929,-0.696618463987,0.683875384967,0.163669812956
2001-05-10,1.01294628539,2.08741111357,-1.62784173695,-0.174099691813
2001-05-11,-1.64450084027,-0.00601945592249,0.126879831906,-0.754892062907
2001-05-12,-2.04422641139,-1.62701107472,-1.35457495875,1.38617863649
2001-05-13,0.00223602440637,-1.36351617268,-0.0430722926645,1.1259131292
2001-05-14,-0.104062112324,-0.522127694815,0.673528985679,-0.427281697921
2001-05-15,0.201969402228,-0.354614738351,0.708884516812,0.644641213013
2001-05-16,-0.195173777969,-0.756733942222,-1.05057713166,-0.43377611204
2001-05-17,-1.52840841929,0.577832608833,1.08821869142,0.819304773051
2001-05-18,-1.23135230219,0.0274046697389,1.01565805288,-0.100538442163
2001-05-19,-0.580839259336,1.32835864742,0.469139657325,0.143504246974
2001-05-20,0.947850799164,0.149913760861,-1.33689298727,-1.68463352511
2001-05-21,0.462352692059,-0.210529495631,0.245603427326,0.544295385218
2001-05-22,-0.583755706179,1.17104278803,0.536022999117,2.24089113297
2001-05-23,0.143119662895,-0.0888307929072,-0.932480224773,-0.248462136017
2001-05-24,-0.573163925008,-0.719088484455,-0.938118311207,-1.23902855318
2001-05-25,0.175791650269,-0.636712732259,-0.661766423765,-0.367574282416
2001-05-26,-0.205618223199,1.40505456429,0.441825102924,0.73722816681
2001-05-27,1.37434128826,-1.46684158196,-0.50360277026,-0.338272351286
2001-05-28,0.288593391987,0.1429641303,0.908605665234,0.731812445644
2001-05-29,-1.25205281139,-0.293508545711,0.0519253843465,-0.458050791295
2001-05-30,0.133425684314,1.60722551518,-0.932744749902,-0.955696680161
2001-05-31,0.783902989377,-0.72239503846,-0.893448175903,-0.0445314803232
2001-06-01,1.78676104753,0.914924053585,-0.339173748639,0.296515975559
2001-06-02,-0.238098819158,0.638052219367,-0.42268447044,2.7623435283
2001-06-03,0.825910623139,-0.270626478598,-0.32487716827,0.975833407833
2001-06-04,0.815567644597,0.259494834037,-0.374160174536,-0.163681931515
2001-06-05,-0.34042100305,-1.30788645165,-0.319374403112,1.31145283969
2001-06-06,-0.13938690988,0.588332062245,1.33705284443,1.82994248946
2001-06-07,-0.330925988677,1.19640860589,0.725041522466,0.661610711032
2001-06-08,0.369999370191,1.28844202759,0.211281523252,-0.847919510718
2001-06-09,-0.700908020634,1.10811904165,-0.336351766337,-0.487930730318
2001-06-10,1.07790779194,-0.708631733924,1.93514177861,0.869474267311
2001-06-11,-0.00492411558793,-0.812990895779,1.07098641752,0.582780908197
2001-06-12,-2.11771634839,0.00452132670134,-1.69531849209,1.31268982904
2001-06-13,1.62303950217,0.309016909312,-0.935205914029,1.14619405005
2001-06-14,0.547714164945,0.0335714181736,0.608109714532,-1.4138128435
2001-06-15,-0.801913073958,0.223998638931,-0.986898188832,-1.43378554485
2001-06-16,1.82663327558,0.947572210716,-0.135884671335,0.370659283474
2001-06-17,0.145019752738,-0.326345355905,0.0735784839218,0.994573160675
2001-06-18,-1.08484858333,-0.486981414541,-0.29253187254,-2.12682815003
2001-06-19,-0.811874929399,-0.0591201424201,1.0210544637,0.562489780972
2001-06-20,1.76065435506,1.60199715321,-2.7650126512,-0.302085147329
2001-06-21,0.556868309849,-0.248802304491,0.520980681128,0.550703874602
2001-06-22,1.2706745986,3.00669048217,-0.455576519361,0.415815938189
2001-06-23,0.0689680055287,-1.39856920045,1.02801800464,0.343084246879
2001-06-24,-0.555988993152,-0.746361975171,-0.527384202398,-1.23856144783
2001-06-25,-0.492216927939,-0.812807126769,0.799273020903,0.786467354753
2001-06-26,-1.73384720621,-0.129130380897,0.41795674038,0.623543398973
2001-06-27,0.912116137553,-1.46678462298,1.01835101163,-0.793826905487
2001-06-28,2.5091968746,0.74876541812,-0.610428921121,1.38921190957
2001-06-29,-0.963560008247,0.185056648557,-0.188956811627,0.248230224762
2001-06-30,-1.2222998301,0.383250029287,-0.420782737274,-2.12837247541
2001-07-01,1.45406052236,-1.23544939018,0.995178628053,1.51083363773
2001-07-02,1.44174738142,1.78419126955,-0.971023819992,-0.316085680676
2001-07-03,0.739026388525,-0.324774420127,-0.38035240021,-0.454821823257
2001-07-04,0.481110058362,-0.882068169674,-1.49619390659,-0.565116302125
2001-07-05,-0.842536684147,1.13096154947,-2.3414533449,-0.254313619408
2001-07-06,0.355204437294,-0.0964316726096,-0.722390248149,-1.70979245231
2001-07-07,2.0636505158,0.0381692333777,0.132965237979,-0.578561446384
2001-07-08,-0.272956306564,0.408465895318,-1.14758814595,-1.08376830785
2001-07-09,1.28526698302,0.270806170041,-0.00106468211554,0.093161481493
2001-07-10,1.61980190793,-0.951263769612,-1.91612791548,0.707250609478
2001-07-11,-1.41434455903,-0.349072536703,-1.63261444161,0.550214646829
2001-07-12,0.326991759886,-0.231487425885,-0.0141355346889,-0.37219885364
2001-07-13,-1.46978353452,-0.0172775549124,-1.4980565902,-0.0255447101033
2001-07-14,-0.982934691488,0.379488741486,0.155121210739,-1.6486673739
2001-07-15,-0.636238492144,0.569533617184,0.467226775617,0.373603521142
2001-07-16,-0.607916416059,0.698869439151,-1.22048241711,-0.998646718297
2001-07-17,-1.001213926,1.86799321591,-0.111535846701,0.905357614416
2001-07-18,-1.27281588214,0.909869319223,0.034600797899,0.526153290187
2001-07-19,0.856370588876,-1.33263604268,0.529967704111,-0.663486244959
2001-07-20,-0.343733594982,-0.204229153711,-0.256107025653,-0.935352647493
2001-07-21,0.974597171221,-1.20457052127,0.568115706198,-1.89752329404
2001-07-22,1.03922050122,-1.01506832765,0.317106437871,0.682740220481
2001-07-23,0.0551319494867,0.663956563625,-2.22920657981,0.771350666977
2001-07-24,-1.24275291349,-0.365605381677,-0.0829989149108,-0.721197322657
2001-07-25,0.469106619308,-1.04912862584,0.0120982176589,0.166537740384
2001-07-26,-0.144903240785,0.782393872934,-0.1476347774,0.499338785252
2001-07-27,0.861112990798,1.94937178378,0.927239923742,0.0866963021104
2001-07-28,-1.21385131139,-1.41798764404,-0.768189619481,0.711849122271
2001-07-29,1.25914820023,0.133583207787,-1.78108820136,-0.855656809735
2001-07-30,-0.568945285275,0.229513113456,0.836655769965,0.920496333115
2001-07-31,-0.557722263074,0.725665897962,0.409578898485,1.17545648649
2001-08-01,0.171545991323,1.29051681479,1.21117357956,0.505504524823
2001-08-02,1.53035011371,1.08593610393,-1.58855799926,1.56996478724
2001-08-03,-0.475140818354,1.43388625932,0.139265558219,0.944609525217
2001-08-04,0.221614092793,-1.44338020446,-1.31546428627,1.91946427691
2001-08-05,0.409536463763,-0.930698205193,-0.780277583441,-0.470560741807
2001-08-06,-0.744012651876,0.914205011143,1.39583239542,-1.12573542577
2001-08-07,0.549959221282,2.13065259678,0.176974275398,1.49562032408
2001-08-08,-2.15575183541,-0.528743940769,1.65624306136,0.621633957254
2001-08-09,0.149763395048,-0.892973686402,-0.599670651316,2.47073807542
2001-08-10,0.408219702078,-0.345035760052,0.41726410307,0.305407150765
2001-08-11,-0.561467537145,-1.80627907278,1.33375205026,-1.16161485421
2001-08-12,1.45961934006,1.53495156309,-0.0286632735142,-0.25802476359
2001-08-13,1.08361561302,1.13086254662,-0.0315800367405,-1.2497898656
2001-08-14,0.457093770171,0.410451416051,-0.873823298555,0.880785355013
2001-08-15,1.15993043452,-0.568802305459,-1.6846153072,1.5298704258
2001-08-16,-1.3803837235,0.957371483743,0.188724836693,-0.311870946605
2001-08-17,-0.257980352081,1.9377241605,-1.41221640753,-0.0926461652912
2001-08-18,0.0955162724178,0.351803498671,0.827591144742,0.863025156809
2001-08-19,-1.27491569648,1.21630745911,-1.30269173507,-2.10045770625
2001-08-20,0.458876653702,0.503628880964,0.396539214697,1.53750947099
2001-08-21,-0.748247531954,2.74016370168,-1.25161433766,1.49063467066
2001-08-22,0.147788953204,-0.0378984402551,-0.115655494659,-0.0447693087777
2001-08-23,0.710540176955,-0.247715553435,1.99791105101,0.467144057243
2001-08-24,-0.425668225311,1.91460232865,0.696410123618,-1.92893143019
2001-08-25,0.669568124095,0.282848176962,1.85240122823,-0.699877843341
2001-08-26,-0.7761374301,1.3584708486,-0.491323957928,0.655819442772
2001-08-27,-0.44501984459,0.920403573947,-0.252016953356,1.09502773513
2001-08-28,-0.10742229805,1.99988508557,0.450222621598,0.183925222128
2001-08-29,0.508357166671,-0.0414034911166,-1.12220412235,-0.814624055275
2001-08-30,-1.4264410064,0.0841678798855,-0.560231255639,0.131932026969
2001-08-31,-2.13267882617,0.0742674296754,-1.76288355482,-0.773055910499
2001-09-01,0.936727579089,-0.321549029507,0.795893576626,0.210325729277
2001-09-02,0.712827362233,-1.79715232779,1.14084721318,1.80950377175
2001-09-03,-1.90660454104,0.771240388174,-2.70084378693,-0.839077704154
2001-09-04,0.0309064641306,-0.651564421262,1.89373643082,0.35572454513
2001-09-05,-0.64103020927,-1.72647372601,1.1702148057,1.50652618937
2001-09-06,-0.00942198769037,-0.326336856319,-0.634300784794,1.19761060355
2001-09-07,0.173904354928,0.482571069265,-0.494406544064,-1.11653772934
2001-09-08,-1.06755247104,0.139342998869,0.20394833989,-0.87885459952
2001-09-09,-0.854850531849,0.352757285629,0.0964658580715,-0.691161639194
2001-09-10,2.9457544011,-0.492005899267,-0.905041044285,0.137129217969
2001-09-11,0.174732705415,-0.174119010828,-0.43194995172,-0.324177546346
2001-09-12,0.203945111404,-0.803896115857,-0.594936040935,-1.27172690892
2001-09-13,-0.178242112727,-1.84361776403,0.670410636901,-0.139261128129
2001-09-14,-0.236898422027,0.43026646091,-1.16851718653,-0.121970464794
2001-09-15,-0.714632363243,-0.680591477446,-0.174253783943,-0.32891050325
2001-09-16,-0.906568468552,1.07160917158,0.430477406915,-0.607737976053
2001-09-17,-0.138471672165,-0.879551725827,1.17069032542,0.160086841584
2001-09-18,0.103758568068,-0.902029556636,0.364263531107,1.62118694136
2001-09-19,0.0586665094355,-1.77396388277,-0.45977886007,-0.524718244995
2001-09-20,-0.661590184337,1.83849608641,-1.82168528851,0.101366710646
2001-09-21,-0.0497823910576,2.49770833892,-1.1523033781,-0.140297197011
2001-09-22,2.07229818119,0.129661121314,-0.185039703588,-1.34468304126
2001-09-23,0.0849333825248,2.33301672753,-0.752853866029,2.30379479136
2001-09-24,-0.0511418047913,-0.345517917515,0.413265806131,-0.225070928649
2001-09-25,-0.0289863367896,-0.543465722322,-1.20142271969,0.691189400598
2001-09-26,1.30465351601,0.223749208581,-1.43769586413,0.0273171501528
2001-09-27,-0.212716614121,-1.80105380553,-0.476233320457,0.50393116281
2001-09-28,1.96794233235,1.06686124069,-0.432915478174,1.0046485435
2001-09-29,-0.703811739488,0.184173110378,-0.832094611693,1.51037359374
2001-09-30,-0.526998683036,-0.281314235549,-0.833700898073,-1.50335660367
2001-10-01,1.87959660078,-0.168130609777,0.0574428280999,-0.265779776349
2001-10-02,-1.37288933321,-0.322389327098,1.03110516242,-1.56414370839
2001-10-03,-1.69544914701,-0.00938514481865,-0.24235635901,-0.86109317175
2001-10-04,-0.314948007384,0.818562329695,0.938432149245,0.136428435407
2001-10-05,1.31841598156,-1.70705011902,-0.660160685535,0.159223601754
2001-10-06,0.430732298362,0.767542377793,-0.419746643528,-1.81049797864
2001-10-07,-0.164335327371,0.663784919365,-0.0712263325211,-1.69513370101
2001-10-08,-0.37176214825,0.570490406156,-0.739531989777,0.128956265225
2001-10-09,-0.565251799447,0.608853790993,-0.749202053484,0.00153501467656
2001-10-10,-0.142288636826,2.07534970756,0.594133776748,-3.77188012385
2001-10-11,-0.0369149256639,-1.17315488628,-0.369927595545,-0.913403453075
2001-10-12,-0.475665423708,0.451809685984,0.530727546531,0.172683763292
2001-10-13,-0.299291230511,0.43348817461,1.26146396866,0.454768657732
2001-10-14,-2.8975812649,0.934516318536,-0.562884433453,1.01265567992
2001-10-15,-0.467594364387,-1.20626689231,0.158191183834,-0.571927942413
2001-10-16,1.02531595807,0.325005172578,0.687616887291,0.889926004804
2001-10-17,-0.0522670438646,-0.0681517500262,0.173271552205,-0.486484696141
2001-10-18,0.190489671398,0.708936807606,-0.0104861180997,-1.06990436832
2001-10-19,-0.53557736298,1.4025464866,1.74001392714,-0.294430872402
2001-10-20,0.698062852613,-0.360895791722,0.664871232262,-0.38220998898
2001-10-21,0.416030452447,0.0417938766994,0.198593456747,-0.710429969904
2001-10-22,0.568063090397,-1.61581235883,-0.757540727507,0.559043958878
2001-10-23,0.386148505673,-1.42048254689,1.88442308034,0.545137998167
2001-10-24,0.648085247839,-0.364233932759,1.16503161197,0.478836694277
2001-10-25,0.46105032912,0.383988272481,0.441089233106,-1.16400227428
2001-10-26,-0.530765297278,-0.301420081199,-2.3516773893,0.449610554638
2001-10-27,0.369855821578,-0.223568450394,-1.80495894323,-0.0603970512887
2001-10-28,-1.27647959894,1.18431099322,-0.309778183261,0.199181399813
2001-10-29,-1.18204202816,-2.16513926643,0.367344418435,0.111552770235
2001-10-30,-0.336598700515,-2.08492746424,-2.35515678516,0.131780900994
2001-10-31,0.0991365138048,-0.553139446371,0.48656037733,0.749725971773
2001-11-01,0.793620478867,-1.69167557322,-0.0808045008191,1.38999553933
2001-11-02,-1.0303289749,-0.441973709422,-0.0118507773989,-1.44335121664
2001-11-03,0.477039575826,-1.03257266176,0.874436143683,-0.276000994962
2001-11-04,-1.02389787657,2.53935437645,0.820387760777,-0.33683650189
2001-11-05,0.44283775879,-0.361851761804,-0.14969514634,0.782393261269
2001-11-06,-1.19933299468,1.94798965239,-0.266211040085,0.646977503107
2001-11-07,-0.264032482041,2.18571057313,0.142804757787,-1.30613877769
2001-11-08,-1.29890732002,0.986819491127,1.7971702566,0.277874896268
2001-11-09,0.273341286722,-0.0572165113711,1.12785825894,-1.52046285141
2001-11-10,2.54602480743,-0.341692973781,-0.0871533225656,0.335645137595
2001-11-11,-0.782126412807,0.561365820189,-0.947566649362,1.32772013358
2001-11-12,0.950141525319,0.548079019627,0.404137302145,0.166600575752
2001-11-13,-0.380309685915,-0.769160820515,1.00097135158,0.00437723312577
2001-11-14,0.857875765918,-0.0111436569136,-0.242600504372,-0.825253818424
2001-11-15,-1.14685511906,-0.570170112789,-2.00226603728,-0.661944069494
2001-11-16,-0.265300198571,0.523199693108,-0.49826781194,0.158785473127
2001-11-17,0.0466894740784,-1.73296646192,0.469698742905,1.19346162852
2001-11-18,1.05066751791,-0.343243224424,0.425080804115,-0.678892992076
2001-11-19,1.39455803656,1.99461357766,0.516438015838,-0.881767276783
2001-11-20,-1.03794808568,-0.328018650026,0.787076215235,1.18966619594
2001-11-21,0.0103017362362,-0.230800982308,-1.91268521964,0.418788417589
2001-11-22,0.365052251305,-2.5983476528,-0.69634762768,0.924116783274
2001-11-23,-0.56000981419,-0.0681849695641,0.911316181442,-0.0798437438201
2001-11-24,-1.09016571903,-1.01652689191,-1.10201246778,0.366046357351
2001-11-25,0.556316809708,-0.778612911904,0.656910722814,-0.879106114378
2001-11-26,0.809881375768,0.928796103958,-1.28125441996,-0.680478844546
2001-11-27,-2.46465907064,1.47450200496,-0.405536500574,1.01664331921
2001-11-28,-0.771938449674,2.85684202368,-1.33361985315,-1.89571169014
2001-11-29,-1.12429417711,-1.09533490657,-0.553644524287,1.91928020978
2001-11-30,-0.13683248417,0.193962192621,-0.825451886287,0.102649574194
2001-12-01,-0.949513196912,0.452922106971,-0.0381014166444,-0.332065282622
2001-12-02,0.973896538154,0.45327392261,0.463975026525,1.56283929279
2001-12-03,0.400489519947,-1.34231954821,-0.536495043996,0.870174227477
2001-12-04,-0.271284250494,1.18297074047,-0.359544581545,0.97790966302
2001-12-05,0.590605539505,-0.336753162005,0.263415630157,1.33016391347
2001-12-06,-0.114564342009,0.612342361277,-0.692229087333,-0.163521925866
2001-12-07,0.694192981007,-0.679744728696,-0.329402942567,-0.459590427774
2001-12-08,-0.720507986344,-0.0290954113306,1.17460559424,0.222337120914
2001-12-09,0.50363453827,-0.96122226317,3.05582266538,0.285872043799
2001-12-10,-2.09422179147,-0.0107199898493,0.626704246175,1.38300574977
2001-12-11,-0.600695478222,-0.414710018601,-1.43298488839,-0.0972734637923
2001-12-12,-0.612688681347,-1.0501938389,1.28992324182,-1.0579485446
2001-12-13,-0.569079503267,-1.360505204,-0.36104356328,0.123675035701
2001-12-14,0.79307674376,-0.37871727609,-0.422260618088,0.203565446372
2001-12-15,-1.94888841304,-1.774178905,0.335335114817,0.725283693165
2001-12-16,1.04994304823,-0.110766422859,-0.828949261734,-1.3434311821
2001-12-17,-0.177599377762,-0.759990064941,-0.783799697658,1.17514904576
2001-12-18,0.491533618225,-0.604635934788,-0.213928030523,1.42862770166
2001-12-19,-0.107166395176,-0.482315400404,-0.940416842576,0.102987630048
2001-12-20,0.687868777486,0.896948929517,-0.587204428571,-0.833628243612
2001-12-21,1.348064129,-0.976035223533,-0.298619726565,0.120436039252
2001-12-22,-1.51534675561,0.078885980772,1.07560428835,-0.385432928704
2001-12-23,-0.271520034953,0.47156597902,-1.21720491867,0.266460115848
2001-12-24,-0.622826854062,-2.10077407746,0.0658679776093,0.12971328934
2001-12-25,-1.68372005632,0.470332490767,-0.590285071948,0.232831708376
2001-12-26,0.0908446389229,-0.146625895724,1.02452900206,0.658994616493
2001-12-27,1.52345808612,-0.629937822541,0.549716167895,0.0171053215224
2001-12-28,-0.276123191259,0.45373640159,1.03395914643,0.244006207468
2001-12-29,0.198110983134,-1.9093081564,1.57327129425,-0.00327790185676
2001-12-30,-0.723361967315,-0.453617240494,-0.320813867526,1.98003914741
2001-12-31,-3.04529874098,0.138187386003,0.806613656215,-1.03238997474
2002-01-01,1.00099577558,-0.586177724111,0.307692774031,-0.962737333458
2002-01-02,-0.274274663657,-0.1621870806,-2.38863233468,-1.73985913725
2002-01-03,-0.780297961981,-0.883284444347,-1.24238055937,1.59513381096
2002-01-04,-0.758386641903,1.44859905234,-0.853558984903,0.785804356981
2002-01-05,0.358331213658,-1.29056446285,0.819118381358,0.74649638377
2002-01-06,-0.516762874168,-0.0938114890999,-1.41900443616,-0.535837372184
2002-01-07,-1.27655167512,0.240986342819,1.11056330466,1.88372600544
2002-01-08,-0.310881613365,-0.00168571950673,-1.00979516679,-1.46876052597
2002-01-09,-1.006416044,1.21029125984,1.20702992845,1.25626774099
2002-01-10,-0.028590701247,1.09874531241,0.185285842491,1.36883025031
2002-01-11,0.220598572332,-0.517690376948,-0.117470917089,1.35212512393
2002-01-12,1.18515289754,0.844232743164,-0.0665162730043,0.64577830529
2002-01-13,1.07897770747,-0.354868931303,0.139679182012,0.0035425213284
2002-01-14,-0.0608797925907,-1.91898639807,-0.636548154027,-0.64520620158
2002-01-15,0.154197805955,0.751189478044,0.884688666921,-0.450328482215
2002-01-16,0.496860463589,0.992829096727,0.972144673725,-0.64818090542
2002-01-17,0.0227044441332,-0.459601390436,-3.19423622458,0.711756188711
2002-01-18,-1.53654382024,-0.113338020616,-0.916387268495,-1.31211876633
2002-01-19,0.824670446059,1.02433852131,0.371598359571,0.409148511785
2002-01-20,0.811311601123,0.394501988083,-0.98584494968,0.378204686062
2002-01-21,0.526323798934,-1.11752093501,0.0721500711373,0.0390187118576
2002-01-22,0.638596691839,-0.628902080378,-0.220036284127,1.34812595912
2002-01-23,-0.524562517531,0.613420431603,1.25521710473,-0.663464546196
2002-01-24,0.412186192042,-0.762453836366,1.73837734427,0.0443781481055
2002-01-25,-1.12263749049,-1.76248837616,-1.72226438868,0.399996046212
2002-01-26,-1.58606726967,-1.31751171711,-0.219255111382,-0.594215644054
2002-01-27,1.38183915972,0.867522227138,-0.754603474938,-0.0235142864917
2002-01-28,0.512917905854,-3.14651528876,-0.368575108239,0.899522454314
2002-01-29,-2.2892151594,0.00918237198419,-1.00288614162,-1.01568055576
2002-01-30,0.289710535049,-0.110198490222,2.17631818363,0.597509201005
2002-01-31,-0.0110845630429,0.95158819692,-0.679163174315,-0.241014213885
2002-02-01,0.428457087901,1.0501200744,2.0295991106,1.37774338274
2002-02-02,0.755369207128,1.41537410349,-0.516848751501,0.674375523572
2002-02-03,0.160058335161,-0.486151364361,-1.24875298499,0.233084277276
2002-02-04,0.017619637523,1.02313187343,-0.0441157457789,0.887022564717
2002-02-05,-0.280540710271,-1.88092938382,-1.80673099333,-0.747970726246
2002-02-06,0.835712075187,1.07782429883,0.244449429301,-1.02865937984
2002-02-07,-0.885106416288,0.617648293634,-0.508546227617,1.28797158481
2002-02-08,-0.668290000937,1.34851840658,1.33046272247,0.26638503634
2002-02-09,0.111527320387,1.21318382204,-0.711379595945,0.366966976745
2002-02-10,1.60563419645,0.00372443252502,-0.812739582504,0.276190814363
2002-02-11,-0.963255438511,0.353132970508,-1.78164132495,0.355969493034
2002-02-12,0.773511447914,-0.804130345062,1.0531675734,-2.01368671507
2002-02-13,1.34161437001,0.28296340042,0.0648493485801,-0.874795029728
2002-02-14,-0.79069363917,-0.557261999466,0.107881991634,0.952105079866
2002-02-15,-0.846083678135,1.17111063366,0.354902911,-1.07900724902
2002-02-16,-0.848825106327,0.368998936993,-0.723623815765,0.521524403369
2002-02-17,0.114174207306,-0.0846761571993,0.703414556461,-0.871121101644
2002-02-18,-1.49762644427,1.51268973318,0.766283318472,1.10549986386
2002-02-19,-0.299196156861,-0.0390262957228,-0.38937431405,-0.935862332497
2002-02-20,-0.209773791983,-1.49198304642,-0.637993236848,-0.928010972403
2002-02-21,-0.806776801754,0.49889170303,-1.84127333625,0.966550912355
2002-02-22,0.318867645259,-0.180854088674,0.359675978726,-0.457838229464
2002-02-23,-0.0113882897631,-0.793807100225,-2.67214952084,0.574145601573
2002-02-24,0.329914947377,1.87509919726,-0.0316969320387,-0.435675489757
2002-02-25,-0.803915056179,0.0934699235374,-0.754345398012,-1.37493584451
2002-02-26,-0.721387963391,-0.409382112415,0.739377363312,0.58494623625
2002-02-27,0.293578380189,1.24915638522,-0.863368873934,0.0149412561297
2002-02-28,2.53009045858,-1.16023639791,0.140710518112,1.62008816226
2002-03-01,0.385333620967,-0.017994142896,-1.82745000638,-0.0495104473012
2002-03-02,0.486081500474,1.99848156916,-1.28950639831,-1.00681665337
2002-03-03,0.364190773489,-1.13692240539,1.69715977985,-1.93118697144
2002-03-04,-0.114078641246,-0.0812172012015,-1.55207183747,-1.05235859214
2002-03-05,-1.47162620756,-0.440829330085,1.08597320062,0.201639794837
2002-03-06,0.441586783487,-1.34563212307,0.36485316304,0.201534389114
2002-03-07,0.202902166589,1.87092331431,0.680493718528,0.900212779167
2002-03-08,-0.783251140813,1.02936300844,0.911928986082,-1.18123694665
2002-03-09,1.25924629393,-0.192884123061,-0.133743650193,-2.24390391816
2002-03-10,-0.10575043081,0.296434340138,0.143231320675,-0.321962019539
2002-03-11,-1.0987659803,1.3224758748,-0.349302835667,-0.802592790253
2002-03-12,-0.940246434012,-0.0705343110987,-0.176715848595,-1.25235450514
2002-03-13,0.404435122844,-0.746576777049,1.08488356563,-0.469408752983
2002-03-14,0.577839961832,0.140990337855,1.77586600088,0.195892060282
2002-03-15,-0.217361280096,0.0517192158241,-0.227858552045,-1.27756195373
2002-03-16,-0.72049689912,2.15753942687,-0.300111710998,-0.865837448309
2002-03-17,0.501950411436,-1.45412872253,-1.89456202595,0.882671731969
2002-03-18,-0.959194103597,-0.0490928374004,0.239491485147,1.36840468146
2002-03-19,0.607777643801,0.34885464026,1.27304611008,0.626597297323
2002-03-20,0.00154908787444,-0.855836133586,-0.220220024203,0.817757455319
2002-03-21,-1.45851543296,0.250484509785,-0.0209094244017,0.0555555258983
2002-03-22,-2.3303104785,-0.124184837036,0.175975930088,-2.97445979786
2002-03-23,1.10880032286,-0.846043545032,0.474014731638,2.53719718951
2002-03-24,-1.20490924882,-0.331557695926,0.90940636463,-0.180474631005
2002-03-25,-0.125311988154,-0.484323890734,-0.67025359403,-0.776976040831
2002-03-26,1.95706004043,-1.12829145237,1.29970622098,-1.59334097686
2002-03-27,-1.03766795057,0.95931515561,-1.0808037658,1.12239361644
2002-03-28,0.635034299822,-0.00105312671268,-0.228738803127,0.478281892624
2002-03-29,-0.479925380471,0.132790301299,1.13789959354,-1.23356416006
2002-03-30,0.683996298667,-0.534250503659,0.672217916457,1.51771968331
2002-03-31,0.109673008427,-0.699509860071,-0.340118489141,0.450793955274
2002-04-01,1.31383612718,-0.766552913603,-1.87174829724,-0.152842600727
2002-04-02,-0.594913089645,0.675558495292,0.763990559859,-0.31200453698
2002-04-03,-0.497874695478,0.781213714132,0.357961193255,1.10169319042
2002-04-04,0.413053286281,-1.52840172062,-0.241045364925,0.0564970016769
2002-04-05,0.792036471657,-0.141983191513,-0.288837274654,3.02416093242
2002-04-06,-0.292160608484,-2.34772076934,0.123798848416,1.07136670316
2002-04-07,0.778354005224,1.38787809413,1.65255528015,0.418153926462
2002-04-08,0.497547062071,0.10480810367,1.09375367562,0.23091121265
2002-04-09,1.16047874982,0.251550178247,-0.460305875381,-0.562668572609
2002-04-10,-2.2176321111,1.00886746105,-1.23050172219,-1.4551812431
2002-04-11,-0.937424446583,-0.708278767572,-0.192243327113,0.791520690282
2002-04-12,1.11678988294,0.283472184216,-0.890767234971,0.0137834690902
2002-04-13,-0.14263398549,-0.279617613027,-0.0914265953948,0.596604177928
2002-04-14,0.550485762843,2.47996734523,0.295389272933,0.640363029319
2002-04-15,0.390718680159,-0.584537331589,0.520833062083,-0.207146650824
2002-04-16,-0.471694824201,-0.162250519423,-1.43216546605,0.231394453133
2002-04-17,1.22443425783,-0.389823582748,-1.10801993902,0.421317190577
2002-04-18,0.0496073845252,0.194768205113,0.138876511271,1.34157450163
2002-04-19,-0.164503334139,-0.84951418155,1.27306628119,-0.665122444399
2002-04-20,1.25148410751,-1.90379020786,-0.96266743547,-0.997541199432
2002-04-21,0.0643515386884,0.175125569822,0.440333867992,1.60509501469
2002-04-22,0.540244965773,1.54261296714,-1.25356592948,0.152629345684
2002-04-23,1.20020648282,0.728413505462,-1.9973206691,-0.248425634952
2002-04-24,-0.48011801289,0.477726380172,0.076355323361,0.353925189891
2002-04-25,1.18776224661,-1.33079913414,1.84280035699,-1.38760310786
2002-04-26,1.22722496813,-0.448337869563,0.691095256202,0.424786671648
2002-04-27,1.05432602492,-0.492088777547,1.00932596266,1.24529548559
2002-04-28,0.0581205296328,1.24644601745,0.501457266498,0.558483205769
2002-04-29,0.595802476716,0.479093240959,-0.125828919056,0.763161604343
2002-04-30,0.393195463729,-0.718735839426,-0.526095409467,0.397526698124
2002-05-01,0.99613093343,-0.787032333619,-1.00193491797,2.73544255834
2002-05-02,-0.774868189117,-0.503504945954,0.836305405294,1.60389738754
2002-05-03,0.599151162527,0.267094810443,0.950726542913,1.87314164369
2002-05-04,0.648840530761,0.77534403774,0.466191082617,-0.0511047241545
2002-05-05,2.18036502067,0.169698512304,0.717664367522,-1.76400483427
2002-05-06,1.10864309106,1.20380492894,-0.396114073049,0.432219354074
2002-05-07,0.938604787882,0.451697068408,0.57173369393,1.07627871669
2002-05-08,-1.21415643879,1.55678013123,0.127379946521,0.457042327168
2002-05-09,-0.514470544859,-0.250983644989,0.233473828309,-0.0257379311011
2002-05-10,-0.590868322855,-2.57102825453,1.24275837403,0.102811732719
2002-05-11,0.550047004462,1.0250792531,0.0556092823051,-0.0372499973313
2002-05-12,-1.92900669363,-0.256957719778,1.97741045518,-1.65457532861
2002-05-13,0.207599460623,-0.136805556094,-1.68288645652,-0.706631128952
2002-05-14,-1.23138904806,-0.303852073879,-0.649025748458,-0.0607219507329
2002-05-15,-0.355102043086,-1.86053222946,1.7455573582,1.03759576831
2002-05-16,-1.96381855638,1.19372030746,2.05125758281,-0.0364645174376
2002-05-17,-0.180325386201,0.895126193592,0.336876735446,-0.351925341296
2002-05-18,1.24510560818,0.715250170128,-1.39596798536,0.811982636737
2002-05-19,0.706335972017,-0.0673544753961,-1.48298557679,-0.15584233042
2002-05-20,1.78248595707,0.692474429399,-2.38363635418,-1.34566460483
2002-05-21,0.625908454003,-1.21986629027,0.261609495295,0.955096248712
2002-05-22,-0.114439011051,0.986242161627,0.809378337194,-0.776404541054
2002-05-23,0.593228079082,-0.424659264845,1.03927579904,0.177961868654
2002-05-24,0.000295381428722,0.66157995259,1.5218240082,-2.68223411532
2002-05-25,-0.37299968144,-0.450257296767,0.68907140562,0.698243247165
2002-05-26,1.14187898543,0.109347997307,-1.42535591647,-0.22850539573
2002-05-27,-1.48522276266,-0.817450952611,-1.05258547142,0.911193255787
2002-05-28,-0.712035466392,1.22307194347,-0.949376128077,1.17970609293
2002-05-29,0.804219548156,0.0171645965377,-0.24493069855,-1.33171917823
2002-05-30,0.806632603622,2.14500217864,-0.1989710531,0.228614939423
2002-05-31,-1.51262976811,0.507601495451,0.0653796099067,-0.0692630547875
2002-06-01,0.0419230104477,-0.494887833511,-0.539729924115,0.609607248357
2002-06-02,2.31022668316,-0.613035474848,0.399020806323,0.546232670852
2002-06-03,-0.380796631231,-0.272517407519,-0.606824385865,-0.232731315304
2002-06-04,0.82030894946,-0.264893859842,0.102945720735,-1.02410737801
2002-06-05,0.617199252044,0.079022950188,0.653294069928,0.78336722736
2002-06-06,-0.253793007264,-0.844675503583,-0.0424303679132,-0.0155836932349
2002-06-07,-0.00670400357891,0.579773111783,0.149539217626,-0.252975889667
2002-06-08,-0.693934502241,0.510032078759,1.76248847649,-0.748847827236
2002-06-09,0.59174654511,1.49215308525,-1.86251354134,0.763392758206
2002-06-10,0.568450956678,-0.770480451393,-1.89674745951,0.432754774127
2002-06-11,1.44864953878,0.980030945829,0.289526530697,0.356204307382
2002-06-12,0.598001530771,-1.65997246935,-2.24113009496,-0.915932495121
2002-06-13,1.5962092418,0.00987955115801,-2.16914969678,0.67642682819
2002-06-14,0.173708708541,-0.907237401996,1.46628596259,0.0759560160542
2002-06-15,1.65587406555,0.649377126526,0.414934263682,0.447316939149
2002-06-16,1.01004958315,-0.100642153016,0.10844541899,-0.372803035746
2002-06-17,0.78614110586,-0.200711566906,-1.52647678341,1.01049444097
2002-06-18,-0.208747279136,0.220805960606,1.22911677076,-0.674913083088
2002-06-19,1.65746520823,-1.23417230248,-1.59181110695,-1.05305018653
2002-06-20,-0.255424154271,-0.646361504479,0.886212747056,-0.282447721608
2002-06-21,1.61996132378,1.94881144586,0.0788090774037,0.0312578277709
2002-06-22,-0.834119938556,0.163203917301,-0.796930193956,0.229828863565
2002-06-23,0.447956401412,-0.596214153748,2.20099778922,0.390215493451
2002-06-24,1.56973930404,-0.501889869278,1.80022146179,1.50783070324
2002-06-25,-0.827029421741,0.210354315604,-0.189520120471,-0.244156890673
2002-06-26,-1.49546018612,1.43168827839,-1.92894094522,-1.07983532379
2002-06-27,0.592366247315,1.61337828865,-0.678688691185,0.560629005092
2002-06-28,1.5340359135,0.762561266899,-0.999362219946,-2.30745851121
2002-06-29,0.430292205232,-0.389445967612,1.41290704701,-1.81894752833
2002-06-30,-0.615761696859,-0.918914287292,0.812606053006,-0.660550449336
2002-07-01,-0.452703781768,0.320682825606,-1.86370212991,-1.22798967392
2002-07-02,-0.11170348965,-0.15112818137,-1.84228523027,-0.0839288346889
2002-07-03,1.56801513207,1.53484482364,-0.228193669636,-1.98384714985
2002-07-04,0.0279791464517,0.261419968705,1.9787792775,-0.077694697658
2002-07-05,0.199665202774,0.2886476679,1.51212156575,0.488291912793
2002-07-06,-0.704105551587,-0.733276044341,-2.64150220488,-0.714016669417
2002-07-07,-0.412533537709,1.14023692469,0.364006158459,1.54292889951
2002-07-08,-0.446020544936,1.7004329205,-0.375341691275,-0.209848163084
2002-07-09,-0.0396782442288,1.209827572,0.0696664037126,0.276056001112
2002-07-10,0.583826391563,-1.13136835849,0.085808490957,0.385197471913
2002-07-11,0.738420700001,0.351915525607,1.12008826489,0.284705749497
2002-07-12,0.253247535741,0.289908006053,-0.285798612125,1.04841608286
2002-07-13,-0.119043592864,0.37852093023,0.136922645453,0.278840910557
2002-07-14,-0.983849490061,-0.45700576654,-2.36123215743,2.3415326505
2002-07-15,-1.25308089345,0.339751163403,-1.6780302567,-1.09333045327
2002-07-16,0.911657340331,0.601723566541,-0.374662432994,-1.13419687538
2002-07-17,-0.491163069406,-0.0807366570717,0.975950364264,-1.16430732293
2002-07-18,1.34532379492,-0.474316963539,-1.59611132057,-0.255729828295
2002-07-19,0.256603842575,-0.666418544734,0.106664501449,0.608074358662
2002-07-20,0.208560109498,-0.785789430573,-0.640668560002,-1.12991666505
2002-07-21,1.03456510413,1.13888240167,1.33947641098,-4.15396606438
2002-07-22,-0.547358291338,0.428932581674,-0.997708190376,-0.372870488466
2002-07-23,1.08680083456,-0.861941265033,0.591146436123,-0.456006556969
2002-07-24,-0.885669498839,0.0743567255441,-1.47216393879,0.391990670019
2002-07-25,0.45334442595,-0.460402093188,-1.55101922735,1.50907010677
2002-07-26,-0.440166683767,-0.397680774052,-1.01739587956,2.858830412
2002-07-27,-0.573836770895,-1.59852881813,-0.85290475914,-0.988982431722
2002-07-28,0.962642446041,0.192850206265,0.283753041086,-0.81045887652
2002-07-29,-2.22535058279,-1.7208372075,0.91202046053,-1.542198599
2002-07-30,-0.61784893,2.10582851383,-0.387842030965,1.28515800029
2002-07-31,1.74135160869,0.391751569539,-0.0594104182764,-1.56812548771
2002-08-01,0.684656896515,-1.93808769363,-1.06613209446,1.04581439038
2002-08-02,-0.644130268817,-1.06757156665,0.567536428803,-0.676587264878
2002-08-03,1.51379167659,1.74649555951,-1.54194302674,-0.978691838215
2002-08-04,0.849424465219,-0.760961773899,0.353233614036,1.2244250814
2002-08-05,-0.64424769287,0.185339440964,-0.075979555553,0.940704487244
2002-08-06,-0.341621343303,0.439617195829,-0.193295103835,0.592198578243
2002-08-07,0.0164060112534,-0.067537047529,-1.5107477506,1.55488158774
2002-08-08,-1.30817797545,-1.12739013457,-0.186241834461,-0.472111785754
2002-08-09,0.52000826977,-0.123331492185,-0.939357452121,-0.382747143739
2002-08-10,0.0160322276162,-0.0923896735127,-0.197228742979,0.0307241902429
2002-08-11,-0.762532963441,0.319702004231,-0.819844005408,-1.0517343929
2002-08-12,0.0106870200297,-1.62416041799,0.400259410279,-1.01955421217
2002-08-13,0.222166274751,-0.708818890466,-0.631474545724,-2.69869562138
2002-08-14,0.348039149194,-0.313018586384,0.194410873569,-0.323429231415
2002-08-15,-1.25418729286,1.07056703897,0.264254133295,-0.368333231727
2002-08-16,0.25709504114,1.12028071659,0.174452825001,1.39513692851
2002-08-17,-1.1271079359,0.233469601595,0.494440269131,0.0962436480254
2002-08-18,0.0244966011135,0.808975869195,-0.392778853504,-1.16262055523
2002-08-19,-0.681244077548,-0.906882345705,-0.424850183869,0.23836557885
2002-08-20,1.35381091772,0.386504489683,-2.88735762896,-0.568767115345
2002-08-21,-0.986497747824,0.290412603145,0.541449027843,-2.02913252084
2002-08-22,-0.411996359641,0.0422647948623,1.03994147488,0.838785207561
2002-08-23,0.0620579557377,-0.628794001091,-0.493589143451,-1.89132672737
2002-08-24,-1.95399984583,-0.846273956849,0.236816534598,-1.39999214648
2002-08-25,-0.615442708167,0.965949273965,0.264704667493,0.792046040897
2002-08-26,0.318127880935,0.584749180894,0.424991932528,0.462575599423
2002-08-27,0.890140733948,0.513025679361,-1.554398306,-0.0750706831478
2002-08-28,0.301879914077,-0.473385442487,-0.40128826676,2.12284847692
2002-08-29,1.22649009907,2.54238489732,1.4686843399,0.225048786237
2002-08-30,-0.229142789533,-0.894347943051,0.958515279505,0.401782312171
2002-08-31,0.504027384265,-1.53543663985,-0.782821110636,0.267218146116
2002-09-01,-0.143642320306,-0.332971873476,-0.0374437213905,0.207456532003
2002-09-02,-0.608997124493,0.304793086285,-0.420297912414,-0.863082753162
2002-09-03,-0.683511183362,0.599307569849,0.0362129346753,1.19094993744
2002-09-04,-0.561980027615,-1.17431765014,1.30190655752,0.51643601471
2002-09-05,-0.258663631783,-1.3211743452,-1.34334300842,-0.0357776664779
2002-09-06,0.0880430820023,1.15388292269,0.382766534144,2.05017835409
2002-09-07,-0.850757351948,1.58340679806,-0.865011847647,0.531890342295
2002-09-08,0.0851850135461,1.46500771899,0.405742084595,0.25801235696
2002-09-09,1.73055552713,-1.04562772167,-0.328888650273,-0.0913448706172
2002-09-10,-0.0357364775972,1.59344292905,-0.628064574367,-0.821227911824
2002-09-11,0.0983672115304,-1.37502090397,-0.0790584415103,0.14475483708
2002-09-12,0.0315486266729,0.681518924023,0.0200022556167,0.527590979554
2002-09-13,-0.370650996815,1.97854758027,0.223189752985,-1.22518049124
2002-09-14,-1.52038965044,-1.14031070433,1.96402405609,-0.517179486938
2002-09-15,-0.618434037221,-0.661510663232,0.106860590255,-0.887926741662
2002-09-16,-0.388317070076,0.427578578819,0.536792335815,-0.727791349774
2002-09-17,-0.618804338214,-0.680448305184,0.929639151953,0.893623888372
2002-09-18,-0.363490817371,-1.08084124384,1.79245047015,-1.53873081057
2002-09-19,1.13245759145,0.297348435682,-0.362146567026,0.359739142709
2002-09-20,-0.885312047941,-1.11647696483,-1.83752019087,2.02699865339
2002-09-21,1.61460469967,0.239628572068,1.1615127155,0.0440812971525
2002-09-22,-1.6833166633,1.61786710324,0.0750406188444,0.0839416575967
2002-09-23,1.10988556221,2.33411809011,-0.131545110077,0.528410335139
2002-09-24,1.65433066042,0.307531181644,0.149769565697,-0.412998548122
2002-09-25,1.63136647462,0.543690367021,0.172124336386,1.09260669193
2002-09-26,-1.57652122143,-0.924660816438,0.74208689079,-1.53479280737
